<?xml version="1.0" encoding="UTF-8"?>
<project-private xmlns="http://www.netbeans.org/ns/project-private/1">
    <editor-bookmarks xmlns="http://www.netbeans.org/ns/editor-bookmarks/2" lastBookmarkId="0"/>
    <open-files xmlns="http://www.netbeans.org/ns/projectui-open-files/2">
        <group>
            <file>file:/C:/Users/bolan/OneDrive/Documentos/programacion%20OBJ/realizacion%20de%20intentos%20en%20java/CalculadoraAvanzada/src/Controlador.java</file>
            <file>file:/C:/Users/bolan/OneDrive/Documentos/programacion%20OBJ/realizacion%20de%20intentos%20en%20java/CalculadoraAvanzada/src/Visual.java</file>
            <file>file:/C:/Users/bolan/OneDrive/Documentos/programacion%20OBJ/realizacion%20de%20intentos%20en%20java/CalculadoraAvanzada/src/App.java</file>
            <file>file:/C:/Users/bolan/OneDrive/Documentos/programacion%20OBJ/realizacion%20de%20intentos%20en%20java/CalculadoraAvanzada/src/Menu.java</file>
            <file>file:/C:/Users/bolan/OneDrive/Documentos/programacion%20OBJ/realizacion%20de%20intentos%20en%20java/CalculadoraAvanzada/src/Operations.java</file>
        </group>
    </open-files>
</project-private>
